{"cameraMode":{"drawMode":0,"name":"Shaded","section":"Shading Mode"},"sceneLighting":true,"audioPlay":false,"sceneViewState":{"showFog":true,"showMaterialUpdate":false,"showSkybox":true,"showFlares":true,"showImageEffects":true,"showParticleSystems":true},"in2DMode":false,"pivot":{"x":3.442056179046631,"y":1.7496893405914307,"z":7.931893348693848},"rotation":{"x":-0.09033150225877762,"y":0.8419538736343384,"z":-0.14875105023384095,"w":-0.5108535289764404},"size":0.5715782642364502,"orthographic":false}